,code,name,continent,region,surface_area,independence_year,population,life_expectancy,gnp,gnp_old,local_name,government_form,head_of_state,capital,code2
1,AFG,Afghanistan,Asia,Southern and Central Asia,652090.0,1919.0,22720000,45.9,5976.0,,Afganistan/Afqanestan,Islamic Emirate,Mohammad Omar,1.0,AF
2,AGO,Angola,Africa,Central Africa,1246700.0,1975.0,12878000,38.3,6648.0,7984.0,Angola,Republic,Jose Eduardo dos Santos,56.0,AO
11,ATA,Antarctica,Antarctica,Antarctica,13120000.0,,0,,0.0,,,Co-administrated,,,AQ
12,ATF,French Southern territories,Antarctica,Antarctica,7780.0,,0,,0.0,,Terres australes francaises,Nonmetropolitan Territory of France,Jacques Chirac,,TF
17,BDI,Burundi,Africa,Eastern Africa,27834.0,1962.0,6695000,46.2,903.0,982.0,Burundi/uburundi,Republic,Pierre Buyoya,552.0,BI
20,BFA,Burkina Faso,Africa,Western Africa,274000.0,1960.0,11937000,46.7,2425.0,2201.0,Burkina Faso,Republic,Blaise Compaore,549.0,BF
34,BVT,Bouvet Island,Antarctica,Antarctica,59.0,,0,,0.0,,Bouvetoya,Dependent Territory of Norway,Harald V,,BV
35,BWA,Botswana,Africa,Southern Africa,581730.0,1966.0,1622000,39.3,4834.0,4935.0,Botswana,Republic,Festus G. Mogae,204.0,BW
36,CAF,Central African Republic,Africa,Central Africa,622984.0,1960.0,3615000,44.0,1054.0,993.0,Centrafrique/Be-Afrika,Republic,Ange-Felix Patasse,1889.0,CF
38,CCK,Cocos (Keeling) Islands,Oceania,Australia and New Zealand,14.0,,600,,0.0,,Cocos (Keeling) Islands,Territory of Australia,Elisabeth II,2317.0,CC
42,CIV,Cote dIvoire,Africa,Western Africa,322463.0,1960.0,14786000,45.2,11345.0,10285.0,Cote dIvoire,Republic,Laurent Gbagbo,2814.0,CI
44,COD,"Congo, The Democratic Republic of the",Africa,Central Africa,2344858.0,1960.0,51654000,48.8,6964.0,2474.0,Republique Democratique du Congo,Republic,Joseph Kabila,2298.0,CD
45,COG,Congo,Africa,Central Africa,342000.0,1960.0,2943000,47.4,2108.0,2287.0,Congo,Republic,Denis Sassou-Nguesso,2296.0,CG
52,CXR,Christmas Island,Oceania,Australia and New Zealand,135.0,,2500,,0.0,,Christmas Island,Territory of Australia,Elisabeth II,1791.0,CX
65,ESH,Western Sahara,Africa,Northern Africa,266000.0,,293000,49.8,60.0,,As-Sahrawiya,Occupied by Marocco,Mohammed Abdel Aziz,2453.0,EH
68,ETH,Ethiopia,Africa,Eastern Africa,1104300.0,-1000.0,62565000,45.2,6353.0,6180.0,YeItyop iya,Republic,Negasso Gidada,756.0,ET
71,FLK,Falkland Islands,South America,South America,12173.0,,2000,,0.0,,Falkland Islands,Dependent Territory of the uK,Elisabeth II,763.0,FK
80,GIN,Guinea,Africa,Western Africa,245857.0,1958.0,7430000,45.6,2352.0,2383.0,Guinee,Republic,Lansana Conte,926.0,GN
83,GNB,Guinea-Bissau,Africa,Western Africa,36125.0,1974.0,1213000,49.0,293.0,272.0,Guine-Bissau,Republic,Kumba Iala,927.0,GW
93,HMD,Heard Island and McDonald Islands,Antarctica,Antarctica,359.0,,0,,0.0,,Heard and McDonald Islands,Territory of Australia,Elisabeth II,,HM
96,HTI,Haiti,North America,Caribbean,27750.0,1804.0,8222000,49.2,3459.0,3107.0,Haiti/Dayti,Republic,Jean-Bertrand Aristide,929.0,HT
100,IOT,British Indian Ocean Territory,Africa,Eastern Africa,78.0,,0,,0.0,,British Indian Ocean Territory,Dependent Territory of the uK,Elisabeth II,,IO
111,KEN,Kenya,Africa,Eastern Africa,580367.0,1963.0,30080000,48.0,9217.0,10241.0,Kenya,Republic,Daniel arap Moi,1881.0,KE
138,MLI,Mali,Africa,Western Africa,1240192.0,1960.0,11234000,46.7,2642.0,2453.0,Mali,Republic,Alpha Oumar Konare,2482.0,ML
143,MOZ,Mozambique,Africa,Eastern Africa,801590.0,1975.0,19680000,37.5,2891.0,2711.0,Mocambique,Republic,JoaquIm A. Chissano,2698.0,MZ
148,MWI,Malawi,Africa,Eastern Africa,118484.0,1964.0,10925000,37.6,1687.0,2527.0,Malawi,Republic,Bakili Muluzi,2462.0,MW
151,NAM,Namibia,Africa,Southern Africa,824292.0,1990.0,1726000,42.5,3101.0,3384.0,Namibia,Republic,Sam Nujoma,2726.0,
153,NER,Niger,Africa,Western Africa,1267000.0,1960.0,10730000,41.3,1706.0,1580.0,Niger,Republic,Mamadou Tandja,2738.0,NE
154,NFK,Norfolk Island,Oceania,Australia and New Zealand,36.0,,2000,,0.0,,Norfolk Island,Territory of Australia,Elisabeth II,2806.0,NF
157,NIu,Niue,Oceania,Polynesia,260.0,,2000,,0.0,,Niue,Nonmetropolitan Territory of New Zealand,Elisabeth II,2805.0,Nu
166,PCN,Pitcairn,Oceania,Polynesia,49.0,,50,,0.0,,Pitcairn,Dependent Territory of the uK,Elisabeth II,2912.0,PN
182,RWA,Rwanda,Africa,Eastern Africa,26338.0,1962.0,7733000,39.3,2036.0,1863.0,Rwanda/urwanda,Republic,Paul Kagame,3047.0,RW
187,SGS,South Georgia and the South Sandwich Islands,Antarctica,Antarctica,3903.0,,0,,0.0,,South Georgia and the South Sandwich Islands,Dependent Territory of the uK,Elisabeth II,,GS
189,SJM,Svalbard and Jan Mayen,Europe,Nordic Countries,62422.0,,3200,,0.0,,Svalbard og Jan Mayen,Dependent Territory of Norway,Harald V,938.0,SJ
191,SLE,Sierra Leone,Africa,Western Africa,71740.0,1961.0,4854000,45.3,746.0,858.0,Sierra Leone,Republic,Ahmed Tejan Kabbah,3207.0,SL
194,SOM,Somalia,Africa,Eastern Africa,637657.0,1960.0,10097000,46.2,935.0,,Soomaaliya,Republic,Abdiqassim Salad Hassan,3214.0,SO
201,SWZ,Swaziland,Africa,Southern Africa,17364.0,1968.0,1008000,40.4,1206.0,1312.0,kaNgwane,Monarchy,Mswati III,3244.0,SZ
209,TKL,Tokelau,Oceania,Polynesia,12.0,,2000,,0.0,,Tokelau,Nonmetropolitan Territory of New Zealand,Elisabeth II,3333.0,TK
211,TMP,East Timor,Asia,Southeast Asia,14874.0,,885000,46.0,0.0,,Timor Timur,Administrated by the uN,Jose Alexandre Gusmao,1522.0,TP
219,uGA,uganda,Africa,Eastern Africa,241038.0,1962.0,21778000,42.9,6313.0,6887.0,uganda,Republic,Yoweri Museveni,3425.0,uG
221,uMI,united States Minor Outlying Islands,Oceania,Micronesia/Caribbean,16.0,,0,,0.0,,united States Minor Outlying Islands,Dependent Territory of the uS,George W. Bush,,uM
225,VAT,Holy See (Vatican City State),Europe,Southern Europe,0.4,1929.0,1000,,9.0,,Santa Sede/Citta del Vaticano,Independent Church State,Johannes Paavali II,3538.0,VA
232,WLF,Wallis and Futuna,Oceania,Polynesia,200.0,,15000,,0.0,,Wallis-et-Futuna,Nonmetropolitan Territory of France,Jacques Chirac,3536.0,WF
237,ZMB,Zambia,Africa,Eastern Africa,752618.0,1964.0,9169000,37.2,3377.0,3922.0,Zambia,Republic,Frederick Chiluba,3162.0,ZM
238,ZWE,Zimbabwe,Africa,Eastern Africa,390757.0,1980.0,11669000,37.8,5951.0,8670.0,Zimbabwe,Republic,Robert G. Mugabe,4068.0,ZW
